{"cameraMode":{"drawMode":0,"name":"Shaded","section":"Shading Mode"},"sceneLighting":true,"audioPlay":false,"sceneViewState":{"showFog":true,"showMaterialUpdate":false,"showSkybox":true,"showFlares":true,"showImageEffects":true,"showParticleSystems":true},"in2DMode":false,"pivot":{"x":22.33902359008789,"y":0.9379262328147888,"z":14.140000343322754},"rotation":{"x":-0.07977791130542755,"y":0.9202154278755188,"z":-0.2726009786128998,"w":-0.26930496096611025},"size":4.8544697761535648,"orthographic":true}