{"cameraMode":{"drawMode":0,"name":"Shaded","section":"Shading Mode"},"sceneLighting":true,"audioPlay":false,"sceneViewState":{"showFog":true,"showMaterialUpdate":false,"showSkybox":true,"showFlares":true,"showImageEffects":true,"showParticleSystems":true},"in2DMode":false,"pivot":{"x":21.928466796875,"y":1.1912841796875,"z":16.14306640625},"rotation":{"x":0.20833994448184968,"y":0.3637082874774933,"z":-0.08381831645965576,"w":0.9040390253067017},"size":5.574585914611816,"orthographic":true}