{"cameraMode":{"drawMode":0,"name":"Shaded","section":"Shading Mode"},"sceneLighting":true,"audioPlay":false,"sceneViewState":{"showFog":true,"showMaterialUpdate":false,"showSkybox":true,"showFlares":true,"showImageEffects":true,"showParticleSystems":true},"in2DMode":false,"pivot":{"x":22.33902359008789,"y":0.9379262328147888,"z":14.140000343322754},"rotation":{"x":0.21772517263889314,"y":0.23872371017932893,"z":-0.05501493439078331,"w":0.9447644948959351},"size":5.5825419425964359,"orthographic":true}